"SITE","KBSM","CLMB","PKLE","TRAITS"
"KBSM",1,0.768597254390993,-0.115849690993835,"Al27"
"CLMB",0.768597254390993,1,0.94314119997439,"Al27"
"PKLE",-0.115849690993835,0.94314119997439,1,"Al27"
